serial_number,device_id,mobile_number,status,activation_url,nepal_date,nepal_time
1,87fd940979336bca,7490064858,activation_url_found,https://serviceactivation.google.com/subscription/new/AQCpiIGRyFs4_iKLPfTNreUcfakYJPSazV8AeF8L8KunvOYzYA-VcaxsbJ7bb2K0a2qJu5tlCcNMYbZxb5IUi-ef6MW3ZgeQBTEJOl1djfIICzuzfMMJG81jxjJj39aIIaY7ESgYBWNUN8RVYGyPXg8o9oFK_SbMi9k2oo0gTmNFRtUwHMIVCRZVVQdf7sEYZMICBl2s7NGKfErMw9AB7oVnCQF3Vb-JALXjuM84dM_UmV0OQJOtaOqYnEFog6NkY83UsfhScGsGJ3kY4w==,2026-09-29,11:24:47 PM
2,87fd940979336bca,9023322671,otp_send_failed,,2026-09-29,11:24:50 PM
1,87fd940979336bca,7490064858,otp_failed,,2026-09-29,11:27:37 PM
2,87fd940979336bca,9023322671,otp_send_failed,,2026-09-29,11:27:39 PM
1,87fd940979336bca,7490064858,activation_url_found,https://serviceactivation.google.com/subscription/new/AQCpiIFfeqz-aw2BoK0K5y3-eh4D1mPRKszHi8bz4PAwxOvl5yAa3oGk_E7UI3j1RjMpjC0caw6klF7BZwRgfju6mcbyQt7WttV4qvHO1aIp0aBdLBzOd4AnyRGFmlS73L1jQKM-B8vWpO5efFczWqoQUAwSXSqqA35D5lCuuIGtDeOtqdIIPXy9DtYGCM23cAbVSHLNICxN2XEExXu0Sb05sAGpLV6Ude_KkxxZnePUZjPX--WZP8lg_3bG_8Ez0wi8xRjgIh3Qj30s7Q==,2026-09-29,11:29:24 PM
2,87fd940979336bca,9023322671,otp_send_failed,,2026-09-29,11:29:26 PM
1,87fd940979336bca,7490064858,activation_url_found,https://serviceactivation.google.com/subscription/new/AQCpiIEoFpvNH4LcGao7A8rXZ7D86dUkngOBBWZqcnjj69xSart-5lm7zqIJ8vg79feAIQgMlF_QXSEmIDnfKIPktt68qHpqSQ5OSy_EFRKaUhIOz8WLyLOhJVcgwCmeg0xJDYKUfpD3EnUQA1fiBGqkNpM0psxqvlmnzdyjMErkjuDqPR8iFrGtKFLRky5cmW5O8SpagWbGfW0Voobcxp6CLdUc0jD7XTRjxsjZJOWemEucVrRilxO21XVe2j8BqC0gZkpUB0lCP2a1lw==,2026-09-29,11:31:53 PM
2,87fd940979336bca,9023322671,otp_failed,,2026-09-29,11:32:11 PM
1,87fd940979336bca,7490064858,activation_url_found,https://serviceactivation.google.com/subscription/new/AQCpiIGiHyN-Fv_JWjSwWt6fPtJv4eQGRvDK41-YQ4nuY8VW29PPECqxn34LzwMPbpUrztZEsU6-ngi8m9_iOvKkl5S3dVwv7w5T8LsttqwnmbE6FleB5lFpTKymYcESICdQP2fJh6L8LbML2eUP9dcXDl7qh9wzAyYBvDhNDdihqULEuP-mFdJcn_Of8vNuwWEmkadWAQS60G6PA646fjh-Abv81sBSZtKJj9A9pzmLBJcF2q_J07NX_hk2-fKfVoZhEqXS-z34kqIp8A==,2026-09-29,11:34:13 PM
2,87fd940979336bca,9023322671,otp_send_failed,,2026-09-29,11:34:16 PM
1,87fd940979336bca,7490064858,activation_url_found,https://serviceactivation.google.com/subscription/new/AQCpiIG81J0TcTc-Y1GUcNUKxfNNcnVsJCHr264jjYgoEHAHSUe-bEuHtH20mlHZracxONEan4cntRAQsKkGPjbF6WkYQ8-UpbeQm5ZIcESa90jsATFiCmWG8uQYDcO5E6JT3AerhMlOLLBbdEew46B4x62RyIsEx12MPJEJ694NZSesDb4aTgly9p1xd3Qih4530XbRfVo6ycICMDo7htd3HzM5UcADxwgr_UocDKyGnnsytm8gmmEnIfq9y6JMiA-Js3F1PgXjr9dWrQ==,2026-09-29,11:35:59 PM
2,87fd940979336bca,9023322671,otp_send_failed,,2026-09-29,11:36:01 PM
1,87fd940979336bca,7490064858,otp_failed,,2026-09-29,11:44:53 PM
2,87fd940979336bca,9023322671,otp_send_failed,,2026-09-29,11:44:56 PM
1,87fd940979336bca,7490064858,otp_send_failed,,2026-09-29,11:47:05 PM
2,87fd940979336bca,9023322671,otp_send_failed,,2026-09-29,11:47:09 PM
1,87fd940979336bca,7490064858,otp_send_failed,,2026-09-29,11:48:52 PM
2,87fd940979336bca,9023322671,otp_send_failed,,2026-09-29,11:48:54 PM
1,87fd940979336bca,7490064858,otp_failed,,2026-09-29,11:51:17 PM
2,87fd940979336bca,9023322671,otp_send_failed,,2026-09-29,11:51:19 PM
1,87fd940979336bca,7490064858,otp_send_failed,,2026-09-29,11:55:22 PM
2,87fd940979336bca,9023322671,otp_send_failed,,2026-09-29,11:55:24 PM
1,87fd940979336bca,7490064858,otp_send_failed,,2026-09-29,11:57:14 PM
2,87fd940979336bca,9023322671,otp_send_failed,,2026-09-29,11:57:16 PM
1,87fd940979336bca,7490064858,activation_url_found,https://serviceactivation.google.com/subscription/new/AQCpiIE4F3JsMVk6l7uoNeK4LMsFW4V-ASMjCOGI9cpgApeuUq2tvbGhja_wY7Q0w90G6C0Jef3ldrB5UzkGdlgWP6ZkIENu5rfQ5Yz-nFz-_-NpZYiXLcamZYblAwYu_sxNLcAPsYrLLBnJJJdiZs9JCH3StrttwugyO2-a1o4cJk61GMjCgSaDAZ5Qmslwcs07GNK8TEBwoofYaEjHFULOMACwvK44U7tuuvkngpszRghf15sq5AWIxm8q5KmEczYZHLi1YyI7NHebng==,2026-09-29,11:59:02 PM
2,87fd940979336bca,9023322671,otp_send_failed,,2026-09-29,11:59:04 PM
1,87fd940979336bca,7490064858,otp_send_failed,,2026-09-30,12:01:25 AM
2,87fd940979336bca,9023322671,otp_send_failed,,2026-09-30,12:01:28 AM
1,87fd940979336bca,7490064858,otp_send_failed,,2026-09-30,12:03:16 AM
2,87fd940979336bca,9023322671,otp_send_failed,,2026-09-30,12:03:18 AM
1,87fd940979336bca,7490064858,otp_failed,,2026-09-30,12:08:55 AM
2,87fd940979336bca,9023322671,otp_send_failed,,2026-09-30,12:08:58 AM
1,87fd940979336bca,7490064858,otp_send_failed,,2026-09-30,12:10:41 AM
2,87fd940979336bca,9023322671,otp_send_failed,,2026-09-30,12:10:43 AM
1,87fd940979336bca,7490064858,activation_url_found,https://serviceactivation.google.com/subscription/new/AQCpiIE21AIYKBVV8htAa94h-yBrVzIXNz8WEXgcgAXJHDqjGK7O5wXY6Vnn-2gRFNb8zmePKsPD04q_G-3xTmg-ea7vJ93OsnSKkxtrXZcxexdAaA7N3wChmgWYs_3eL_z8idHkXC-na7H2Az4CYrCN-DnzO7L4gg78ld7UBy9_Ya4nUuBZyUG3CQ1I66Gf9zSc56FsAiVbxWx7SV_yjBNwlrqrnI3C7vQ7Xv3Rx_MhimwdBDuDReXDJ9l6C5-cQo3DuGV56NkAP1F3hg==,2026-09-30,08:36:54 AM
2,87fd940979336bca,9023322671,otp_failed,,2026-09-30,08:37:12 AM
1,87fd940979336bca,7490064858,otp_send_failed,,2026-09-30,08:49:42 AM
2,87fd940979336bca,9023322671,otp_send_failed,,2026-09-30,08:49:46 AM
1,87fd940979336bca,7490064858,otp_send_failed,,2026-09-30,09:05:06 AM
2,87fd940979336bca,9023322671,otp_send_failed,,2026-09-30,09:05:08 AM
1,87fd940979336bca,7490064858,activation_url_found,https://serviceactivation.google.com/subscription/new/AQCpiIFcKIpUiakSLaK4t30SmDqvgsQBSd5Qk0JGryH_dXO9-APp3TVPXeJymcYb5Q8mQQt_1o-Fnf2H0n5-ydtYRuPPtVeDKAml_Psd2jM8c2xkGvO1mUnLHYoMzpowXoXr79Yr5ASkYwKepkQUKKb75-3ud9MCDAOVSHdlICQg_Es9zTfp-mTIbVhqCXB3aIw2gailYeaTVaARkzIrs5A0JsB3UyOxEA8hzjfJiVszluZiK7a00jVUxZO6OehLDdwzj0jJ1lQbaag6eA==,2026-09-30,09:08:27 PM
2,87fd940979336bca,9023322671,otp_send_failed,,2026-09-30,09:08:29 PM
1,a9e3efe6714aae20,8427839905,not_jio_number,,2026-10-01,03:49:38 PM
2,a9e3efe6714aae20,9814485815,not_jio_number,,2026-10-01,03:49:38 PM
3,a9e3efe6714aae20,9878938295,not_jio_number,,2026-10-01,03:49:39 PM
1,a9e3efe6714aae20,8427839905,not_jio_number,,2026-10-01,03:51:04 PM
2,a9e3efe6714aae20,9814485815,not_jio_number,,2026-10-01,03:51:05 PM
3,a9e3efe6714aae20,9878938295,not_jio_number,,2026-10-01,03:51:06 PM
1,a9e3efe6714aae20,8427839905,not_jio_number,,2026-10-01,03:52:33 PM
2,a9e3efe6714aae20,9814485815,not_jio_number,,2026-10-01,03:52:33 PM
3,a9e3efe6714aae20,9878938295,not_jio_number,,2026-10-01,03:52:34 PM
1,a9e3efe6714aae20,8427839905,not_jio_number,,2026-10-01,03:54:13 PM
2,a9e3efe6714aae20,9814485815,not_jio_number,,2026-10-01,03:54:14 PM
3,a9e3efe6714aae20,9878938295,not_jio_number,,2026-10-01,03:54:15 PM
1,a9e3efe6714aae20,8427839905,not_jio_number,,2026-10-01,03:55:46 PM
2,a9e3efe6714aae20,9814485815,not_jio_number,,2026-10-01,03:55:47 PM
3,a9e3efe6714aae20,9878938295,not_jio_number,,2026-10-01,03:55:48 PM
1,a9e3efe6714aae20,8427839905,not_jio_number,,2026-10-01,03:57:41 PM
2,a9e3efe6714aae20,9814485815,not_jio_number,,2026-10-01,03:57:42 PM
3,a9e3efe6714aae20,9878938295,not_jio_number,,2026-10-01,03:57:43 PM
1,a9e3efe6714aae20,8427839905,not_jio_number,,2026-10-01,04:00:05 PM
2,a9e3efe6714aae20,9814485815,not_jio_number,,2026-10-01,04:00:06 PM
3,a9e3efe6714aae20,9878938295,not_jio_number,,2026-10-01,04:00:07 PM
1,a9e3efe6714aae20,8427839905,not_jio_number,,2026-10-01,04:04:26 PM
2,a9e3efe6714aae20,9814485815,not_jio_number,,2026-10-01,04:04:27 PM
3,a9e3efe6714aae20,9878938295,not_jio_number,,2026-10-01,04:04:28 PM
1,a9e3efe6714aae20,8427839905,not_jio_number,,2026-10-01,06:56:57 PM
2,a9e3efe6714aae20,9814485815,not_jio_number,,2026-10-01,06:56:59 PM
3,a9e3efe6714aae20,9878938295,not_jio_number,,2026-10-01,06:57:00 PM
1,87fd940979336bca,7490064858,otp_failed,,2026-10-01,07:12:48 PM
2,a9e3efe6714aae20,8427839905,not_jio_number,,2026-10-01,07:12:49 PM
3,87fd940979336bca,9023322671,otp_send_failed,,2026-10-01,07:12:51 PM
4,a9e3efe6714aae20,9814485815,not_jio_number,,2026-10-01,07:12:52 PM
5,a9e3efe6714aae20,9878938295,not_jio_number,,2026-10-01,07:12:53 PM
1,87fd940979336bca,7490064858,activation_url_found,https://serviceactivation.google.com/subscription/new/AQCpiIEtrZZ7PByeOn7ppv7yUB_nQd4CHxsDYAAOrYNTRZ_U8DkJgtrZ2OJRozY7aUBiLfYHYOL5voxU5tSf_4xv_BmGJpmph0i0MTOTruOxZp8w8w1x9vHPRhVKM7uOUdxqQvMJJkpGJUe-4WPWAB-A-6_aj_rVSKHTqVbaS1l3SKBA-O-ReAIQZ4oPcNlR-VBfFa96X4oRXC5wd8iyO2HQlgtOKz2vKnY7LM_aw61Kt0aF2TWZApyGxKyZCaqF3x5H731YpaqPPrJxeg==,2026-10-01,07:14:23 PM
2,a9e3efe6714aae20,8427839905,not_jio_number,,2026-10-01,07:14:23 PM
3,87fd940979336bca,9023322671,not_jio_number,,2026-10-01,07:14:24 PM
4,a9e3efe6714aae20,9814485815,not_jio_number,,2026-10-01,07:14:25 PM
5,a9e3efe6714aae20,9878938295,not_jio_number,,2026-10-01,07:14:25 PM
1,87fd940979336bca,7490064858,not_jio_number,,2026-10-01,07:16:17 PM
2,a9e3efe6714aae20,8427839905,not_jio_number,,2026-10-01,07:16:17 PM
3,87fd940979336bca,9023322671,not_jio_number,,2026-10-01,07:16:18 PM
4,a9e3efe6714aae20,9814485815,not_jio_number,,2026-10-01,07:16:19 PM
5,a9e3efe6714aae20,9878938295,not_jio_number,,2026-10-01,07:16:19 PM
1,87fd940979336bca,7490064858,activation_url_found,https://serviceactivation.google.com/subscription/new/AQCpiIFW2HjkZJbSjK7QrEGl_oF8QLDqwZwGVdxuElyyJ4jC20YVzcvXhVVtgfJT9QrJZ9P5PO-pckB3O3fuF7DJeG1S9L_xfQUTTgFJmm8x4k9Ci5ApT1FWfXkDBRpIwXJjXLkj5kFOyJvRncOkEhEktiOKbGUh3cjtgo131jbDL-8o7CRQOLstR6GtuA803H-zhzc_oKypS7OhDS-oSaJpxKeKzbXqnBfoogDUivryjBdV7YoXf9fEZUoilQcV7bH1wTl4si-M2vp6gg==,2026-10-01,08:19:27 PM
2,a9e3efe6714aae20,8427839905,not_jio_number,,2026-10-01,08:19:27 PM
3,87fd940979336bca,9023322671,otp_send_failed,,2026-10-01,08:19:30 PM
4,a9e3efe6714aae20,9814485815,not_jio_number,,2026-10-01,08:19:30 PM
5,a9e3efe6714aae20,9878938295,not_jio_number,,2026-10-01,08:19:31 PM
1,87fd940979336bca,7490064858,activation_url_found,https://serviceactivation.google.com/subscription/new/AQCpiIHHRduwyzg_GrjB6gP7WtzKvjW5fyqf6A3_6OwlDRmw5RiLWMhZrjvl0BT3gbXbPyhej2RwR9WyJ8tfnbFKatAx-rSrE5ZEBUYqkCTC4OVeP9VwZKZ3BL46Vb_2QBHRd4lgkGXvf4VEcz8FaeyknyWtO_frgwbG8MffhmpzrB58JbkvNAKBdzffdmFBP2V-iP0ohGDxSMX-TtKpe37Tw98Aa21klD9Wc56Q7u39ur3XVtxiFLRp6iGCGXjDTBQhi-RXTOb0wCvBEw==,2026-10-01,08:41:29 PM
2,a9e3efe6714aae20,8427839905,not_jio_number,,2026-10-01,08:41:30 PM
3,87fd940979336bca,9023322671,otp_failed,,2026-10-01,08:41:49 PM
4,a9e3efe6714aae20,9814485815,not_jio_number,,2026-10-01,08:41:49 PM
5,a9e3efe6714aae20,9878938295,not_jio_number,,2026-10-01,08:41:50 PM
1,87fd940979336bca,7490064858,not_jio_number,,2026-10-01,08:43:32 PM
2,a9e3efe6714aae20,8427839905,not_jio_number,,2026-10-01,08:43:33 PM
3,87fd940979336bca,9023322671,not_jio_number,,2026-10-01,08:43:33 PM
4,a9e3efe6714aae20,9814485815,not_jio_number,,2026-10-01,08:43:34 PM
5,a9e3efe6714aae20,9878938295,not_jio_number,,2026-10-01,08:43:35 PM
1,87fd940979336bca,7490064858,not_jio_number,,2026-10-01,08:45:21 PM
2,a9e3efe6714aae20,8427839905,not_jio_number,,2026-10-01,08:45:22 PM
3,87fd940979336bca,9023322671,not_jio_number,,2026-10-01,08:45:23 PM
4,a9e3efe6714aae20,9814485815,not_jio_number,,2026-10-01,08:45:23 PM
5,a9e3efe6714aae20,9878938295,not_jio_number,,2026-10-01,08:45:24 PM
1,87fd940979336bca,7490064858,otp_send_failed,,2026-10-01,08:47:39 PM
2,a9e3efe6714aae20,8427839905,not_jio_number,,2026-10-01,08:47:39 PM
3,87fd940979336bca,9023322671,otp_send_failed,,2026-10-01,08:47:42 PM
4,a9e3efe6714aae20,9814485815,not_jio_number,,2026-10-01,08:47:42 PM
5,a9e3efe6714aae20,9878938295,not_jio_number,,2026-10-01,08:47:43 PM
1,87fd940979336bca,7490064858,not_jio_number,,2026-10-01,08:49:07 PM
2,a9e3efe6714aae20,8427839905,not_jio_number,,2026-10-01,08:49:07 PM
3,87fd940979336bca,9023322671,not_jio_number,,2026-10-01,08:49:08 PM
4,a9e3efe6714aae20,9814485815,not_jio_number,,2026-10-01,08:49:09 PM
5,a9e3efe6714aae20,9878938295,not_jio_number,,2026-10-01,08:49:10 PM
1,a9e3efe6714aae20,8427839905,not_jio_number,,2026-10-02,10:03:18 AM
2,a9e3efe6714aae20,9814485815,not_jio_number,,2026-10-02,10:03:18 AM
3,a9e3efe6714aae20,9878938295,not_jio_number,,2026-10-02,10:03:19 AM
1,a9e3efe6714aae20,8427839905,not_jio_number,,2026-10-02,10:09:12 AM
2,a9e3efe6714aae20,9814485815,not_jio_number,,2026-10-02,10:09:12 AM
3,a9e3efe6714aae20,9878938295,not_jio_number,,2026-10-02,10:09:13 AM
1,a9e3efe6714aae20,8427839905,not_jio_number,,2026-10-02,10:10:08 AM
2,a9e3efe6714aae20,9814485815,not_jio_number,,2026-10-02,10:10:08 AM
3,a9e3efe6714aae20,9878938295,not_jio_number,,2026-10-02,10:10:09 AM
1,a9e3efe6714aae20,8427839905,not_jio_number,,2026-10-02,10:13:49 AM
2,a9e3efe6714aae20,9814485815,not_jio_number,,2026-10-02,10:13:49 AM
3,a9e3efe6714aae20,9878938295,not_jio_number,,2026-10-02,10:13:50 AM
